"","filename","ncharacters"
"1","adversarial.html",20704
"2","agnostic.html",5289
"3","ale.html",34386
"4","bike-data.html",1852
"5","cervical.html",1861
"6","cnn-features.html",23316
"7","counterfactual.html",28069
"8","decomposition.html",25610
"9","evaluation-of-interpretability.html",2060
"10","example-based.html",5178
"11","explanation.html",14516
"12","extend-lm.html",35255
"13","feature-importance.html",18174
"14","future.html",3755
"15","global.html",9014
"16","ice.html",7853
"17","influential.html",35083
"18","interaction.html",13151
"19","interpretability-importance.html",14500
"20","lime.html",17566
"21","limo.html",31921
"22","logistic.html",11057
"23","neural-networks.html",3057
"24","other-interpretable.html",3203
"25","pdp.html",12375
"26","pixel-attribution.html",23485
"27","properties.html",7576
"28","proto.html",16846
"29","rulefit.html",15784
"30","scope-of-interpretability.html",6074
"31","shap.html",26822
"32","shapley.html",22387
"33","simple.html",2451
"34","spam-data.html",2179
"35","storytime.html",12260
"36","taxonomy-of-interpretability-methods.html",4560
"37","terminology.html",3798
"38","the-future-of-interpretability.html",6573
"39","the-future-of-machine-learning.html",4694
"40","tree.html",11176
"41","what-is-machine-learning.html",4434
